{"cameraMode":{"drawMode":0,"name":"Shaded","section":"Shading Mode"},"sceneLighting":true,"audioPlay":false,"sceneViewState":{"m_AlwaysRefresh":true,"showFog":true,"showSkybox":true,"showFlares":true,"showImageEffects":true,"showParticleSystems":true,"showVisualEffectGraphs":true,"m_FxEnabled":true},"in2DMode":false,"pivot":{"x":-6.141420364379883,"y":-4.949187755584717,"z":17.02406120300293},"rotation":{"x":-0.20897388458251954,"y":0.11846979707479477,"z":-0.025503404438495637,"w":-0.9703923463821411},"size":14.403849601745606,"orthographic":false}